{"cameraMode":{"drawMode":0,"name":"Shaded","section":"Shading Mode"},"sceneLighting":true,"audioPlay":false,"sceneViewState":{"showFog":true,"showMaterialUpdate":true,"showSkybox":true,"showFlares":true,"showImageEffects":true,"showParticleSystems":true},"in2DMode":false,"pivot":{"x":38.47906494140625,"y":3.993408203125,"z":13.033203125},"rotation":{"x":0.06833989173173905,"y":0.011971774511039257,"z":-0.0008201034506782889,"w":0.9975913166999817},"size":13.976861953735352,"orthographic":true}