{"cameraMode":{"drawMode":0,"name":"Shaded","section":"Shading Mode"},"sceneLighting":true,"audioPlay":false,"sceneViewState":{"showFog":true,"showMaterialUpdate":true,"showSkybox":true,"showFlares":true,"showImageEffects":true,"showParticleSystems":true},"in2DMode":false,"pivot":{"x":34.13435745239258,"y":-4.667046546936035,"z":27.93597412109375},"rotation":{"x":0.21847498416900636,"y":-0.14863340556621552,"z":0.03369054198265076,"w":0.9638696312904358},"size":21.23466682434082,"orthographic":false}