{"cameraMode":{"drawMode":0,"name":"Shaded","section":"Shading Mode"},"sceneLighting":true,"audioPlay":false,"sceneViewState":{"showFog":true,"showMaterialUpdate":true,"showSkybox":true,"showFlares":true,"showImageEffects":true,"showParticleSystems":true},"in2DMode":false,"pivot":{"x":38.910133361816409,"y":-2.6998162269592287,"z":30.33510398864746},"rotation":{"x":0.1591532826423645,"y":-0.028132479637861253,"z":0.00453763734549284,"w":0.9868439435958862},"size":31.49821662902832,"orthographic":false}