{"cameraMode":{"drawMode":0,"name":"Shaded","section":"Shading Mode"},"sceneLighting":true,"audioPlay":false,"sceneViewState":{"showFog":true,"showMaterialUpdate":true,"showSkybox":true,"showFlares":true,"showImageEffects":true,"showParticleSystems":true},"in2DMode":false,"pivot":{"x":42.18827438354492,"y":1.9345703125,"z":17.647850036621095},"rotation":{"x":0.008390958420932293,"y":-0.040487512946128848,"z":0.00033998675644397736,"w":0.9991452097892761},"size":9.269353866577149,"orthographic":true}