{"cameraMode":{"drawMode":0,"name":"Shaded","section":"Shading Mode"},"sceneLighting":true,"audioPlay":false,"sceneViewState":{"showFog":true,"showMaterialUpdate":true,"showSkybox":true,"showFlares":true,"showImageEffects":true,"showParticleSystems":true},"in2DMode":false,"pivot":{"x":35.472450256347659,"y":2.804933547973633,"z":20.756610870361329},"rotation":{"x":-0.004461720120161772,"y":0.1301286667585373,"z":0.0005855652852915227,"w":0.9914872646331787},"size":18.364830017089845,"orthographic":false}