{"cameraMode":{"drawMode":0,"name":"Shaded","section":"Shading Mode"},"sceneLighting":true,"audioPlay":false,"sceneViewState":{"showFog":true,"showMaterialUpdate":true,"showSkybox":true,"showFlares":true,"showImageEffects":true,"showParticleSystems":true},"in2DMode":false,"pivot":{"x":49.478843688964847,"y":-19.965599060058595,"z":21.9182071685791},"rotation":{"x":0.4557415843009949,"y":0.41435518860816958,"z":-0.2531309723854065,"w":0.7460124492645264},"size":34.496238708496097,"orthographic":false}