{"cameraMode":{"drawMode":0,"name":"Shaded","section":"Shading Mode"},"sceneLighting":true,"audioPlay":false,"sceneViewState":{"showFog":true,"showMaterialUpdate":true,"showSkybox":true,"showFlares":true,"showImageEffects":true,"showParticleSystems":true},"in2DMode":false,"pivot":{"x":27.269210815429689,"y":-11.524969100952149,"z":137.9647979736328},"rotation":{"x":0.06444482505321503,"y":-0.017961643636226655,"z":0.0011601295555010439,"w":0.9977593421936035},"size":146.04042053222657,"orthographic":false}