{"cameraMode":{"drawMode":0,"name":"Shaded","section":"Shading Mode"},"sceneLighting":true,"audioPlay":false,"sceneViewState":{"showFog":true,"showMaterialUpdate":true,"showSkybox":true,"showFlares":true,"showImageEffects":true,"showParticleSystems":true},"in2DMode":false,"pivot":{"x":25.738994598388673,"y":0.35587093234062197,"z":23.379165649414064},"rotation":{"x":-0.004461720120161772,"y":0.1301286667585373,"z":0.0005855652852915227,"w":0.9914872646331787},"size":13.494999885559082,"orthographic":false}