{"cameraMode":{"drawMode":0,"name":"Shaded","section":"Shading Mode"},"sceneLighting":true,"audioPlay":false,"sceneViewState":{"showFog":true,"showMaterialUpdate":true,"showSkybox":true,"showFlares":true,"showImageEffects":true,"showParticleSystems":true},"in2DMode":false,"pivot":{"x":52.64196014404297,"y":-7.601444244384766,"z":40.02247619628906},"rotation":{"x":0.17829175293445588,"y":0.03983933851122856,"z":-0.007224782835692167,"w":0.9831451177597046},"size":73.4899673461914,"orthographic":false}