{"cameraMode":{"drawMode":0,"name":"Shaded","section":"Shading Mode"},"sceneLighting":true,"audioPlay":false,"sceneViewState":{"showFog":true,"showMaterialUpdate":true,"showSkybox":true,"showFlares":true,"showImageEffects":true,"showParticleSystems":true},"in2DMode":false,"pivot":{"x":50.888671875,"y":3.84967041015625,"z":18.0859375},"rotation":{"x":0.008390958420932293,"y":-0.040487512946128848,"z":0.00033998675644397736,"w":0.9991452097892761},"size":28.357927322387697,"orthographic":true}