{"cameraMode":{"drawMode":0,"name":"Shaded","section":"Shading Mode"},"sceneLighting":true,"audioPlay":false,"sceneViewState":{"showFog":true,"showMaterialUpdate":true,"showSkybox":true,"showFlares":true,"showImageEffects":true,"showParticleSystems":true},"in2DMode":false,"pivot":{"x":34.935420989990237,"y":0.35587072372436526,"z":20.922870635986329},"rotation":{"x":-0.004461720120161772,"y":0.1301286667585373,"z":0.0005855652852915227,"w":0.9914872646331787},"size":13.494999885559082,"orthographic":false}