{"cameraMode":{"drawMode":0,"name":"Shaded","section":"Shading Mode"},"sceneLighting":true,"audioPlay":false,"sceneViewState":{"showFog":true,"showMaterialUpdate":true,"showSkybox":true,"showFlares":true,"showImageEffects":true,"showParticleSystems":true},"in2DMode":false,"pivot":{"x":23.46942138671875,"y":6.833660125732422,"z":54.831539154052737},"rotation":{"x":-0.11357714235782623,"y":0.18280933797359467,"z":-0.021266194060444833,"w":-0.9763343930244446},"size":34.71232604980469,"orthographic":false}