{"cameraMode":{"drawMode":0,"name":"Shaded","section":"Shading Mode"},"sceneLighting":true,"audioPlay":false,"sceneViewState":{"showFog":true,"showMaterialUpdate":true,"showSkybox":true,"showFlares":true,"showImageEffects":true,"showParticleSystems":true},"in2DMode":false,"pivot":{"x":57.3201904296875,"y":4.21826171875,"z":19.669921875},"rotation":{"x":0.2492862045764923,"y":0.020335234701633455,"z":-0.005235780030488968,"w":0.9682022333145142},"size":7.389942169189453,"orthographic":true}