{"cameraMode":{"drawMode":0,"name":"Shaded","section":"Shading Mode"},"sceneLighting":true,"audioPlay":false,"sceneViewState":{"showFog":true,"showMaterialUpdate":true,"showSkybox":true,"showFlares":true,"showImageEffects":true,"showParticleSystems":true},"in2DMode":false,"pivot":{"x":45.0196533203125,"y":3.384765625,"z":21.54296875},"rotation":{"x":0.09583152830600739,"y":0.020901737734675409,"z":-0.0020127464085817339,"w":0.9951766133308411},"size":13.206396102905274,"orthographic":true}